CODE2,H_CNT,P_CNT,M_CNT,F_CNT,INFO_TIME
G诺oガ跋NX,め计,Hf计,k┦Hf计,k┦Hf计,戈飘啥
A6301-01,1039,2604,1241,1363,"109Y12M"
A6301-03,1042,2771,1368,1403,"109Y12M"
A6301-04,1361,3237,1517,1720,"109Y12M"
A6301-06,1257,2899,1359,1540,"109Y12M"
A6301-07,1173,2913,1366,1547,"109Y12M"
A6301-08,1077,2634,1231,1403,"109Y12M"
A6301-09,1065,2913,1393,1520,"109Y12M"
A6301-10,1140,2901,1358,1543,"109Y12M"
A6301-11,1108,2761,1275,1486,"109Y12M"
A6301-12,1031,2680,1247,1433,"109Y12M"
A6301-13,1205,2953,1364,1589,"109Y12M"
A6301-14,1144,2952,1333,1619,"109Y12M"
A6301-15,1136,2795,1272,1523,"109Y12M"
A6301-16,1185,2888,1371,1517,"109Y12M"
A6301-17,1340,3095,1401,1694,"109Y12M"
A6301-18,1131,2933,1338,1595,"109Y12M"
A6301-19,1395,3031,1282,1749,"109Y12M"
A6301-20,1096,2826,1297,1529,"109Y12M"
A6301-21,1122,2736,1267,1469,"109Y12M"
A6301-22,973,2545,1207,1338,"109Y12M"
A6301-23,1046,2714,1292,1422,"109Y12M"
A6301-24,972,2616,1228,1388,"109Y12M"
A6301-25,1264,3190,1473,1717,"109Y12M"
A6301-26,1078,2713,1233,1480,"109Y12M"
A6301-27,1205,3017,1428,1589,"109Y12M"
A6301-28,1076,2711,1220,1491,"109Y12M"
A6301-29,1078,2546,1146,1400,"109Y12M"
A6301-30,984,2717,1286,1431,"109Y12M"
A6301-31,904,2159,1051,1108,"109Y12M"
A6301-32,1234,3070,1386,1684,"109Y12M"
A6301-33,1059,2668,1226,1442,"109Y12M"
A6301-34,1389,3696,1765,1931,"109Y12M"
A6301-35,892,2363,1089,1274,"109Y12M"
A6301-36,1423,3459,1638,1821,"109Y12M"
A6301-37,1053,2625,1184,1441,"109Y12M"
A6301-38,1245,2848,1363,1485,"109Y12M"
A6301-39,1005,2596,1227,1369,"109Y12M"
A6301-40,973,2521,1176,1345,"109Y12M"
A6301-41,1125,2827,1346,1481,"109Y12M"
A6301-42,1156,2770,1273,1497,"109Y12M"
A6301-43,1064,2770,1289,1481,"109Y12M"
A6301-44,1104,2516,1150,1366,"109Y12M"
A6301-45,1186,2863,1394,1469,"109Y12M"
A6301-46,1135,2571,1228,1343,"109Y12M"
A6301-47,1362,2971,1384,1587,"109Y12M"
A6301-48,1060,2416,1139,1277,"109Y12M"
A6301-49,971,2417,1127,1290,"109Y12M"
A6301-50,1144,2458,1187,1271,"109Y12M"
A6301-51,1001,2444,1122,1322,"109Y12M"
A6301-52,1314,2886,1326,1560,"109Y12M"
A6301-53,1981,3194,1642,1552,"109Y12M"
A6301-54,1089,2519,1141,1378,"109Y12M"
A6301-55,1006,2546,1170,1376,"109Y12M"
A6301-56,981,2588,1179,1409,"109Y12M"
A6301-57,1314,3625,1678,1947,"109Y12M"
A6301-58,907,2477,1190,1287,"109Y12M"
A6301-59,1038,2645,1217,1428,"109Y12M"
A6301-60,1152,2878,1353,1525,"109Y12M"
A6301-61,1062,2546,1183,1363,"109Y12M"
A6301-62,1105,2662,1224,1438,"109Y12M"
A6301-63,963,2284,1086,1198,"109Y12M"
A6301-64,886,2235,1055,1180,"109Y12M"
A6301-65,1199,3072,1409,1663,"109Y12M"
A6301-66,1046,2609,1196,1413,"109Y12M"
A6301-67,1042,2766,1314,1452,"109Y12M"
A6301-68,921,2647,1253,1394,"109Y12M"
A6301-69,822,2183,1034,1149,"109Y12M"
A6301-70,985,2581,1223,1358,"109Y12M"
A6301-71,926,2234,1047,1187,"109Y12M"
A6301-72,861,2321,1091,1230,"109Y12M"
A6301-73,1081,2906,1387,1519,"109Y12M"
A6301-74,1021,2795,1347,1448,"109Y12M"
A6301-75,1016,2750,1281,1469,"109Y12M"
A6302-01,1134,2979,1517,1462,"109Y12M"
A6302-02,1240,2987,1468,1519,"109Y12M"
A6302-03,925,2332,1082,1250,"109Y12M"
A6302-04,1039,2747,1322,1425,"109Y12M"
A6302-05,1017,2472,1205,1267,"109Y12M"
A6302-06,1110,2783,1347,1436,"109Y12M"
A6302-07,1070,2626,1285,1341,"109Y12M"
A6302-08,1037,2453,1143,1310,"109Y12M"
A6302-09,1078,2648,1255,1393,"109Y12M"
A6302-10,962,2434,1160,1274,"109Y12M"
A6302-11,1506,3184,1424,1760,"109Y12M"
A6302-12,1035,2621,1253,1368,"109Y12M"
A6302-13,1096,2770,1301,1469,"109Y12M"
A6302-14,1127,2626,1259,1367,"109Y12M"
A6302-15,1031,2735,1307,1428,"109Y12M"
A6302-16,1088,2660,1307,1353,"109Y12M"
A6302-17,1041,2628,1278,1350,"109Y12M"
A6302-18,1027,2503,1212,1291,"109Y12M"
A6302-19,1304,2857,1326,1531,"109Y12M"
A6302-20,1178,2700,1267,1433,"109Y12M"
A6302-21,942,2430,1171,1259,"109Y12M"
A6302-22,1113,2698,1309,1389,"109Y12M"
A6302-23,1142,2704,1263,1441,"109Y12M"
A6302-24,1207,2801,1290,1511,"109Y12M"
A6302-25,1026,2523,1257,1266,"109Y12M"
A6302-26,1069,2991,1457,1534,"109Y12M"
A6302-27,1113,2679,1230,1449,"109Y12M"
A6302-28,1119,2590,1257,1333,"109Y12M"
A6302-29,1081,2721,1300,1421,"109Y12M"
A6302-30,954,2422,1071,1351,"109Y12M"
A6302-31,980,2603,1259,1344,"109Y12M"
A6302-32,832,2127,1026,1101,"109Y12M"
A6302-33,985,2652,1273,1379,"109Y12M"
A6302-34,1050,2719,1248,1471,"109Y12M"
A6302-35,1157,2660,1245,1415,"109Y12M"
A6302-36,1103,2727,1288,1439,"109Y12M"
A6302-37,1091,2902,1345,1557,"109Y12M"
A6302-38,1144,2932,1418,1514,"109Y12M"
A6302-39,1037,2779,1350,1429,"109Y12M"
A6302-40,1078,2651,1231,1420,"109Y12M"
A6302-41,1053,2711,1334,1377,"109Y12M"
A6302-42,1057,2626,1217,1409,"109Y12M"
A6302-43,1794,2923,1631,1292,"109Y12M"
A6302-44,1764,3908,1783,2125,"109Y12M"
A6302-45,1053,2710,1310,1400,"109Y12M"
A6302-46,1210,3186,1477,1709,"109Y12M"
A6302-47,1207,2717,1244,1473,"109Y12M"
A6302-48,1065,2380,1078,1302,"109Y12M"
A6302-49,1168,3240,1558,1682,"109Y12M"
A6302-50,1110,2801,1379,1422,"109Y12M"
A6302-51,1633,3091,1340,1751,"109Y12M"
A6302-52,1016,2572,1195,1377,"109Y12M"
A6302-53,1188,2813,1335,1478,"109Y12M"
A6302-54,1092,2553,1203,1350,"109Y12M"
A6302-55,1232,3023,1413,1610,"109Y12M"
A6302-56,1007,2540,1155,1385,"109Y12M"
A6302-57,1129,2779,1315,1464,"109Y12M"
A6302-58,1109,2771,1333,1438,"109Y12M"
A6302-59,1100,2605,1252,1353,"109Y12M"
A6302-60,1304,2927,1322,1605,"109Y12M"
A6302-61,997,2359,1105,1254,"109Y12M"
A6302-62,1150,2777,1275,1502,"109Y12M"
A6302-63,1140,2652,1266,1386,"109Y12M"
A6302-64,1204,2929,1393,1536,"109Y12M"
A6302-65,1188,2852,1377,1475,"109Y12M"
A6302-66,1174,2764,1319,1445,"109Y12M"
A6302-67,1212,3038,1464,1574,"109Y12M"
A6302-68,1496,3287,1513,1774,"109Y12M"
A6302-69,1107,2688,1290,1398,"109Y12M"
A6302-70,1218,2923,1409,1514,"109Y12M"
A6302-71,1079,2694,1320,1374,"109Y12M"
A6302-72,1139,2791,1319,1472,"109Y12M"
A6302-73,1204,2847,1303,1544,"109Y12M"
A6302-74,1213,2913,1399,1514,"109Y12M"
A6302-75,1183,3045,1443,1602,"109Y12M"
A6302-76,1262,3069,1440,1629,"109Y12M"
A6302-77,1351,3236,1480,1756,"109Y12M"
A6302-78,1063,2411,1140,1271,"109Y12M"
A6303-01,983,2260,1001,1259,"109Y12M"
A6303-02,1056,2733,1274,1459,"109Y12M"
A6303-03,1220,2691,1258,1433,"109Y12M"
A6303-04,1182,2725,1248,1477,"109Y12M"
A6303-05,1327,2875,1268,1607,"109Y12M"
A6303-06,1182,2730,1198,1532,"109Y12M"
A6303-07,1063,2441,1086,1355,"109Y12M"
A6303-08,1163,2862,1334,1528,"109Y12M"
A6303-09,1119,2661,1230,1431,"109Y12M"
A6303-10,1128,2598,1150,1448,"109Y12M"
A6303-11,1295,2890,1337,1553,"109Y12M"
A6303-12,1038,2493,1178,1315,"109Y12M"
A6303-13,1175,2954,1322,1632,"109Y12M"
A6303-14,1046,2597,1179,1418,"109Y12M"
A6303-15,1107,2536,1202,1334,"109Y12M"
A6303-16,1092,2596,1184,1412,"109Y12M"
A6303-17,1039,2580,1136,1444,"109Y12M"
A6303-18,1143,2830,1229,1601,"109Y12M"
A6303-19,1165,2834,1315,1519,"109Y12M"
A6303-20,924,2350,1092,1258,"109Y12M"
A6303-21,988,2692,1216,1476,"109Y12M"
A6303-22,935,2460,1114,1346,"109Y12M"
A6303-23,1213,2850,1330,1520,"109Y12M"
A6303-24,965,2709,1275,1434,"109Y12M"
A6303-25,1161,2837,1314,1523,"109Y12M"
A6303-26,1101,3077,1393,1684,"109Y12M"
A6303-27,1062,2848,1281,1567,"109Y12M"
A6303-28,1164,2792,1296,1496,"109Y12M"
A6303-29,858,2374,1141,1233,"109Y12M"
A6303-30,739,2118,996,1122,"109Y12M"
A6303-31,1160,3027,1410,1617,"109Y12M"
A6303-32,910,2648,1314,1334,"109Y12M"
A6303-33,977,2602,1240,1362,"109Y12M"
A6303-34,1087,2957,1327,1630,"109Y12M"
A6303-35,1200,2929,1375,1554,"109Y12M"
A6303-36,1112,3193,1517,1676,"109Y12M"
A6303-37,1168,2950,1337,1613,"109Y12M"
A6303-38,1051,2761,1209,1552,"109Y12M"
A6303-39,1373,3783,1834,1949,"109Y12M"
A6303-40,1290,3299,1547,1752,"109Y12M"
A6303-41,1133,3206,1485,1721,"109Y12M"
A6303-42,1272,3046,1403,1643,"109Y12M"
A6303-43,1199,3162,1495,1667,"109Y12M"
A6303-44,1160,2982,1447,1535,"109Y12M"
A6303-45,385,1107,543,564,"109Y12M"
A6303-46,1267,2832,1299,1533,"109Y12M"
A6303-47,1310,3080,1377,1703,"109Y12M"
A6303-48,1306,3051,1426,1625,"109Y12M"
A6303-49,1077,2958,1324,1634,"109Y12M"
A6303-50,1186,2784,1271,1513,"109Y12M"
A6303-51,1176,2992,1387,1605,"109Y12M"
A6303-52,1127,2722,1301,1421,"109Y12M"
A6303-53,1241,2953,1359,1594,"109Y12M"
A6303-54,1480,3207,1444,1763,"109Y12M"
A6303-55,1025,2698,1270,1428,"109Y12M"
A6303-56,1182,3318,1591,1727,"109Y12M"
A6303-58,1151,3165,1479,1686,"109Y12M"
A6303-59,2114,3648,1952,1696,"109Y12M"
A6303-60,1170,3096,1470,1626,"109Y12M"
A6303-61,1154,2777,1290,1487,"109Y12M"
A6303-62,1160,2781,1347,1434,"109Y12M"
A6303-63,1214,3018,1392,1626,"109Y12M"
A6303-64,1230,3410,1583,1827,"109Y12M"
A6303-65,1226,2915,1366,1549,"109Y12M"
A6303-66,1256,2966,1387,1579,"109Y12M"
A6303-67,1171,3092,1446,1646,"109Y12M"
A6303-68,1169,3246,1536,1710,"109Y12M"
A6303-69,1071,3010,1426,1584,"109Y12M"
A6303-70,1307,3385,1603,1782,"109Y12M"
A6303-71,1152,3148,1462,1686,"109Y12M"
A6303-72,1218,2837,1217,1620,"109Y12M"
A6303-73,1088,2644,1233,1411,"109Y12M"
A6303-74,1223,2832,1322,1510,"109Y12M"
A6303-75,1202,3201,1514,1687,"109Y12M"
A6303-76,1224,3127,1445,1682,"109Y12M"
A6303-77,1319,3068,1405,1663,"109Y12M"
A6303-78,1342,3186,1485,1701,"109Y12M"
A6303-79,1287,3077,1445,1632,"109Y12M"
A6303-80,1166,2694,1251,1443,"109Y12M"
A6303-81,1104,2843,1322,1521,"109Y12M"
A6303-82,1371,3174,1414,1760,"109Y12M"
A6303-83,1229,3053,1433,1620,"109Y12M"
A6303-84,1096,3068,1411,1657,"109Y12M"
A6303-85,1094,2908,1344,1564,"109Y12M"
A6303-86,965,2790,1312,1478,"109Y12M"
A6303-87,1024,2851,1380,1471,"109Y12M"
A6303-88,908,2595,1234,1361,"109Y12M"
A6303-89,1187,2904,1382,1522,"109Y12M"
A6303-90,1347,3188,1478,1710,"109Y12M"
A6303-91,1270,2847,1299,1548,"109Y12M"
A6303-92,894,2574,1233,1341,"109Y12M"
A6303-93,1159,2886,1366,1520,"109Y12M"
A6303-94,1335,3331,1537,1794,"109Y12M"
A6303-95,1251,2981,1382,1599,"109Y12M"
A6303-96,1271,3177,1469,1708,"109Y12M"
A6303-97,1159,2884,1344,1540,"109Y12M"
A6303-98,1219,3045,1458,1587,"109Y12M"
A6303-99,1116,2719,1228,1491,"109Y12M"
A6303-A0,1150,2990,1470,1520,"109Y12M"
A6303-A1,1209,2934,1388,1546,"109Y12M"
A6303-A2,1028,2747,1278,1469,"109Y12M"
A6303-A3,1293,3115,1468,1647,"109Y12M"
A6303-A4,1330,3099,1462,1637,"109Y12M"
A6303-A5,110,291,135,156,"109Y12M"
A6303-A6,1034,2663,1298,1365,"109Y12M"
A6303-A7,921,2387,1175,1212,"109Y12M"
A6304-01,1023,2670,1266,1404,"109Y12M"
A6304-02,1075,2714,1303,1411,"109Y12M"
A6304-03,1083,2850,1360,1490,"109Y12M"
A6304-04,1103,2971,1376,1595,"109Y12M"
A6304-05,1024,2769,1283,1486,"109Y12M"
A6304-06,1154,3072,1443,1629,"109Y12M"
A6304-07,2396,5145,2400,2745,"109Y12M"
A6304-08,1058,2712,1302,1410,"109Y12M"
A6304-09,1173,2960,1362,1598,"109Y12M"
A6304-10,1115,2895,1339,1556,"109Y12M"
A6304-11,1208,3003,1369,1634,"109Y12M"
A6304-12,1468,3550,1679,1871,"109Y12M"
A6304-13,1322,3140,1513,1627,"109Y12M"
A6304-15,1042,2576,1296,1280,"109Y12M"
A6304-16,1592,3464,1557,1907,"109Y12M"
A6304-17,1139,2838,1318,1520,"109Y12M"
A6304-18,1218,3283,1573,1710,"109Y12M"
A6304-19,1117,2859,1354,1505,"109Y12M"
A6304-20,1150,2997,1428,1569,"109Y12M"
A6304-21,1506,3326,1552,1774,"109Y12M"
A6304-22,1764,3362,1494,1868,"109Y12M"
A6304-23,1127,3005,1432,1573,"109Y12M"
A6304-24,939,2319,1121,1198,"109Y12M"
A6304-25,1016,2373,1107,1266,"109Y12M"
A6304-26,1259,2868,1297,1571,"109Y12M"
A6304-27,1325,3161,1497,1664,"109Y12M"
A6304-28,1208,3024,1411,1613,"109Y12M"
A6304-29,1505,2836,1209,1627,"109Y12M"
A6304-30,2149,3864,1704,2160,"109Y12M"
A6304-31,1928,2673,1550,1123,"109Y12M"
A6304-32,2162,4105,1732,2373,"109Y12M"
A6304-33,1297,3112,1453,1659,"109Y12M"
A6304-34,1375,3098,1456,1642,"109Y12M"
A6304-35,1406,2756,1247,1509,"109Y12M"
A6304-36,1002,2352,1108,1244,"109Y12M"
A6304-37,1098,2464,1144,1320,"109Y12M"
A6304-38,1220,2926,1402,1524,"109Y12M"
A6304-39,1032,2346,1083,1263,"109Y12M"
A6304-40,1157,2957,1416,1541,"109Y12M"
A6304-41,1349,2414,1064,1350,"109Y12M"
A6304-42,1302,3316,1595,1721,"109Y12M"
A6304-43,1249,2868,1337,1531,"109Y12M"
A6304-44,1254,3181,1450,1731,"109Y12M"
A6304-45,1135,2503,1173,1330,"109Y12M"
A6304-46,1151,2893,1349,1544,"109Y12M"
A6304-47,821,2013,938,1075,"109Y12M"
A6304-48,1677,2917,1282,1635,"109Y12M"
A6304-49,1167,2451,1175,1276,"109Y12M"
A6304-50,1181,2830,1369,1461,"109Y12M"
A6304-51,1234,2785,1290,1495,"109Y12M"
A6304-52,1114,2693,1246,1447,"109Y12M"
A6304-53,2271,3840,1601,2239,"109Y12M"
A6304-54,1113,2748,1279,1469,"109Y12M"
A6304-55,1239,2853,1330,1523,"109Y12M"
A6304-56,1200,2714,1252,1462,"109Y12M"
A6304-57,1119,2649,1171,1478,"109Y12M"
A6304-58,1563,2819,1207,1612,"109Y12M"
A6304-59,1227,2641,1238,1403,"109Y12M"
A6304-60,1186,2625,1211,1414,"109Y12M"
A6304-61,1364,3054,1446,1608,"109Y12M"
A6304-62,1544,2697,1151,1546,"109Y12M"
A6304-63,1506,3163,1402,1761,"109Y12M"
A6304-64,976,2395,1135,1260,"109Y12M"
A6304-65,1111,2700,1274,1426,"109Y12M"
A6304-66,1805,3233,1383,1850,"109Y12M"
A6304-67,1305,2940,1366,1574,"109Y12M"
A6304-68,875,1856,901,955,"109Y12M"
A6304-69,1247,2520,1122,1398,"109Y12M"
A6304-70,1628,3081,1326,1755,"109Y12M"
A6304-71,1387,2928,1383,1545,"109Y12M"
A6304-72,1672,3243,1460,1783,"109Y12M"
A6304-73,1529,3173,1457,1716,"109Y12M"
A6304-74,1398,3011,1385,1626,"109Y12M"
A6304-75,1146,2525,1131,1394,"109Y12M"
A6304-76,1317,2903,1379,1524,"109Y12M"
A6304-77,1340,2742,1275,1467,"109Y12M"
A6304-78,1199,2634,1273,1361,"109Y12M"
A6305-01,1431,2910,1371,1539,"109Y12M"
A6305-02,1518,3164,1527,1637,"109Y12M"
A6305-03,1309,2929,1360,1569,"109Y12M"
A6305-04,2124,4034,2125,1909,"109Y12M"
A6305-05,1347,2974,1400,1574,"109Y12M"
A6305-06,872,2095,996,1099,"109Y12M"
A6305-07,1377,3160,1479,1681,"109Y12M"
A6305-08,1391,3369,1603,1766,"109Y12M"
A6305-09,1140,2756,1331,1425,"109Y12M"
A6305-10,1473,3388,1590,1798,"109Y12M"
A6305-11,1189,3219,1498,1721,"109Y12M"
A6305-12,1267,3202,1472,1730,"109Y12M"
A6305-13,1057,2833,1327,1506,"109Y12M"
A6305-14,1335,3320,1572,1748,"109Y12M"
A6305-15,1140,3003,1417,1586,"109Y12M"
A6305-16,1277,3144,1439,1705,"109Y12M"
A6305-17,1029,2642,1201,1441,"109Y12M"
A6305-18,762,2210,1040,1170,"109Y12M"
A6305-19,1021,2509,1151,1358,"109Y12M"
A6305-20,507,1440,702,738,"109Y12M"
A6305-21,955,2365,1146,1219,"109Y12M"
A6305-22,638,1605,718,887,"109Y12M"
A6305-23,789,2135,1049,1086,"109Y12M"
A6305-24,1178,3172,1573,1599,"109Y12M"
A6305-25,1292,3331,1631,1700,"109Y12M"
A6305-26,1188,3088,1466,1622,"109Y12M"
A6305-27,1083,2767,1277,1490,"109Y12M"
A6305-28,1092,2959,1432,1527,"109Y12M"
A6305-29,1335,3475,1671,1804,"109Y12M"
A6305-30,1251,2688,1294,1394,"109Y12M"
A6305-31,964,2547,1236,1311,"109Y12M"
A6305-32,1252,2956,1479,1477,"109Y12M"
A6305-33,957,2484,1176,1308,"109Y12M"
A6305-34,1309,2591,1190,1401,"109Y12M"
A6305-35,1084,2704,1332,1372,"109Y12M"
A6305-36,1195,2699,1333,1366,"109Y12M"
A6305-37,1716,4201,2004,2197,"109Y12M"
A6305-38,1086,2616,1253,1363,"109Y12M"
A6305-39,1207,2775,1357,1418,"109Y12M"
A6305-40,1217,2620,1249,1371,"109Y12M"
A6305-41,1259,2553,1197,1356,"109Y12M"
A6305-42,1217,3012,1431,1581,"109Y12M"
A6305-43,970,2104,985,1119,"109Y12M"
A6305-44,1218,2853,1361,1492,"109Y12M"
A6305-45,1170,2621,1253,1368,"109Y12M"
A6305-46,1346,2937,1380,1557,"109Y12M"
A6305-47,1045,2381,1140,1241,"109Y12M"
A6305-48,1441,3050,1402,1648,"109Y12M"
A6305-49,1181,2779,1282,1497,"109Y12M"
A6305-50,1159,2583,1216,1367,"109Y12M"
A6305-51,1347,2898,1324,1574,"109Y12M"
A6305-52,1155,2517,1219,1298,"109Y12M"
A6305-53,1211,2677,1297,1380,"109Y12M"
A6305-55,928,2332,1135,1197,"109Y12M"
A6305-56,1403,3091,1423,1668,"109Y12M"
A6306-02,976,2529,1242,1287,"109Y12M"
A6306-03,1305,3300,1587,1713,"109Y12M"
A6306-04,1064,2721,1278,1443,"109Y12M"
A6306-05,1416,3497,1686,1811,"109Y12M"
A6306-06,1158,2857,1427,1430,"109Y12M"
A6306-07,1209,2807,1333,1474,"109Y12M"
A6306-08,1200,2932,1465,1467,"109Y12M"
A6306-09,1165,2803,1409,1394,"109Y12M"
A6306-10,1430,3307,1592,1715,"109Y12M"
A6306-11,1270,3003,1436,1567,"109Y12M"
A6306-12,1181,2959,1380,1579,"109Y12M"
A6306-13,762,1933,1002,931,"109Y12M"
A6306-14,2117,3739,2104,1635,"109Y12M"
A6306-15,1143,2618,1257,1361,"109Y12M"
A6306-16,1466,3513,1685,1828,"109Y12M"
A6306-17,1388,3319,1604,1715,"109Y12M"
A6306-18,1539,3516,1692,1824,"109Y12M"
A6306-19,882,2162,1057,1105,"109Y12M"
A6306-20,1348,3228,1537,1691,"109Y12M"
A6306-21,817,1855,951,904,"109Y12M"
A6306-23,1095,2580,1192,1388,"109Y12M"
A6306-24,1130,2855,1380,1475,"109Y12M"
A6306-25,1190,2805,1339,1466,"109Y12M"
A6306-26,1276,3287,1552,1735,"109Y12M"
A6306-27,979,2448,1208,1240,"109Y12M"
A6306-28,821,2121,995,1126,"109Y12M"
A6306-29,749,1861,893,968,"109Y12M"
A6306-30,1185,2980,1416,1564,"109Y12M"
A6306-31,884,2283,1093,1190,"109Y12M"
A6306-32,1277,3154,1554,1600,"109Y12M"
A6306-33,1339,2949,1396,1553,"109Y12M"
A6306-34,990,2647,1295,1352,"109Y12M"
A6306-35,1387,3177,1536,1641,"109Y12M"
A6306-36,1501,3303,1529,1774,"109Y12M"
A6306-37,1136,2947,1429,1518,"109Y12M"
A6306-38,1209,2840,1439,1401,"109Y12M"
A6306-39,1240,3011,1452,1559,"109Y12M"
A6306-40,1056,2586,1236,1350,"109Y12M"
A6306-41,1264,3013,1468,1545,"109Y12M"
A6306-42,1507,3360,1549,1811,"109Y12M"
A6306-43,1318,2962,1412,1550,"109Y12M"
A6306-44,1448,3134,1543,1591,"109Y12M"
A6306-45,1374,3055,1450,1605,"109Y12M"
A6307-01,1294,2647,1236,1411,"109Y12M"
A6307-02,1549,3069,1466,1603,"109Y12M"
A6307-03,1750,3094,1502,1592,"109Y12M"
A6307-04,1440,2656,1257,1399,"109Y12M"
A6307-05,1582,3243,1626,1617,"109Y12M"
A6307-06,1470,2989,1349,1640,"109Y12M"
A6307-07,1205,2624,1318,1306,"109Y12M"
A6307-08,1670,3482,1672,1810,"109Y12M"
A6307-09,1587,3053,1426,1627,"109Y12M"
A6307-10,1635,3508,1696,1812,"109Y12M"
A6307-11,1346,2952,1414,1538,"109Y12M"
A6307-12,1250,2662,1274,1388,"109Y12M"
A6307-13,1152,2528,1272,1256,"109Y12M"
A6307-14,1365,3082,1490,1592,"109Y12M"
A6307-15,1065,2595,1271,1324,"109Y12M"
A6307-16,1227,2579,1255,1324,"109Y12M"
A6307-17,1020,2533,1249,1284,"109Y12M"
A6307-18,1210,2838,1427,1411,"109Y12M"
A6307-19,1147,2816,1324,1492,"109Y12M"
A6307-20,1021,2377,1211,1166,"109Y12M"
A6307-21,2495,4286,2466,1820,"109Y12M"
A6307-22,1026,2460,1213,1247,"109Y12M"
A6307-23,1063,2420,1157,1263,"109Y12M"
A6307-24,1071,2835,1421,1414,"109Y12M"
A6307-25,1074,2515,1245,1270,"109Y12M"
A6307-26,826,1931,1004,927,"109Y12M"
A6307-27,1096,2622,1316,1306,"109Y12M"
A6307-28,1051,2608,1312,1296,"109Y12M"
A6307-29,1102,2630,1305,1325,"109Y12M"
A6307-30,1053,2761,1344,1417,"109Y12M"
A6307-31,937,2502,1238,1264,"109Y12M"
A6307-32,1144,2804,1345,1459,"109Y12M"
A6307-33,2,3,1,2,"109Y12M"
A6307-34,1359,2988,1425,1563,"109Y12M"
A6307-35,1170,2624,1242,1382,"109Y12M"
A6307-36,1110,2690,1355,1335,"109Y12M"
A6307-37,1170,2920,1419,1501,"109Y12M"
A6307-38,1150,2573,1266,1307,"109Y12M"
A6307-39,892,2182,1098,1084,"109Y12M"
A6307-40,1429,3495,1658,1837,"109Y12M"
A6307-41,1177,2785,1336,1449,"109Y12M"
A6307-42,1162,2905,1438,1467,"109Y12M"
A6307-43,1092,2542,1187,1355,"109Y12M"
A6307-44,1236,2994,1482,1512,"109Y12M"
A6307-45,1070,2815,1391,1424,"109Y12M"
A6307-46,1036,2717,1364,1353,"109Y12M"
A6307-47,1482,2996,1333,1663,"109Y12M"
A6307-48,1094,2702,1292,1410,"109Y12M"
A6307-49,1078,2648,1287,1361,"109Y12M"
A6307-50,1259,2826,1322,1504,"109Y12M"
A6307-51,1268,3261,1586,1675,"109Y12M"
A6307-52,1037,2364,1127,1237,"109Y12M"
A6307-53,1238,3248,1619,1629,"109Y12M"
A6307-54,1293,3268,1605,1663,"109Y12M"
A6307-55,1134,2823,1414,1409,"109Y12M"
A6307-56,1015,2693,1326,1367,"109Y12M"
A6307-58,1228,2747,1324,1423,"109Y12M"
A6307-59,1111,2782,1361,1421,"109Y12M"
A6307-60,902,2396,1200,1196,"109Y12M"
A6307-61,1138,2907,1413,1494,"109Y12M"
A6307-62,1302,3119,1517,1602,"109Y12M"
A6307-63,1142,2928,1410,1518,"109Y12M"
A6307-64,1532,3303,1609,1694,"109Y12M"
A6307-65,1092,2825,1442,1383,"109Y12M"
A6307-66,1062,2814,1410,1404,"109Y12M"
A6307-67,1179,2910,1411,1499,"109Y12M"
A6308-01,1308,3089,1436,1653,"109Y12M"
A6308-02,1175,2713,1293,1420,"109Y12M"
A6308-03,1774,3992,1935,2057,"109Y12M"
A6308-04,1209,3243,1538,1705,"109Y12M"
A6308-05,1361,2990,1390,1600,"109Y12M"
A6308-06,1242,2868,1401,1467,"109Y12M"
A6308-07,1328,3168,1549,1619,"109Y12M"
A6308-08,1305,3239,1556,1683,"109Y12M"
A6308-09,1129,3076,1483,1593,"109Y12M"
A6308-10,1555,3589,1664,1925,"109Y12M"
A6308-11,1270,2901,1359,1542,"109Y12M"
A6308-12,1171,2834,1354,1480,"109Y12M"
A6308-13,1242,2984,1397,1587,"109Y12M"
A6308-14,1224,2821,1311,1510,"109Y12M"
A6308-15,1090,2579,1185,1394,"109Y12M"
A6308-16,1009,2566,1207,1359,"109Y12M"
A6308-17,1144,2838,1371,1467,"109Y12M"
A6308-18,1009,2874,1337,1537,"109Y12M"
A6308-19,1098,2842,1337,1505,"109Y12M"
A6308-20,1242,3004,1474,1530,"109Y12M"
A6308-21,924,2392,1142,1250,"109Y12M"
A6308-22,1055,2712,1302,1410,"109Y12M"
A6308-23,1155,2754,1314,1440,"109Y12M"
A6308-24,1292,3235,1521,1714,"109Y12M"
A6308-25,1432,3506,1681,1825,"109Y12M"
A6308-26,1092,2805,1336,1469,"109Y12M"
A6308-27,1037,2644,1274,1370,"109Y12M"
A6308-28,2373,5490,2595,2895,"109Y12M"
A6308-29,1224,3010,1413,1597,"109Y12M"
A6308-30,1164,2700,1270,1430,"109Y12M"
A6308-31,1117,2835,1337,1498,"109Y12M"
A6308-32,1291,3285,1564,1721,"109Y12M"
A6308-33,1209,3065,1449,1616,"109Y12M"
A6308-34,1256,3250,1523,1727,"109Y12M"
A6308-35,1139,3080,1463,1617,"109Y12M"
A6308-36,860,2464,1170,1294,"109Y12M"
A6308-37,1328,3295,1574,1721,"109Y12M"
A6308-38,1084,2726,1321,1405,"109Y12M"
A6308-39,963,2650,1298,1352,"109Y12M"
A6308-40,1471,3453,1621,1832,"109Y12M"
A6308-41,1080,2931,1366,1565,"109Y12M"
A6308-42,1040,2707,1299,1408,"109Y12M"
A6308-43,1140,2966,1395,1571,"109Y12M"
A6308-44,1128,2839,1305,1534,"109Y12M"
A6308-45,1041,2694,1317,1377,"109Y12M"
A6308-46,944,2473,1164,1309,"109Y12M"
A6308-47,1357,3287,1558,1729,"109Y12M"
A6308-48,1139,2784,1313,1471,"109Y12M"
A6308-49,1544,3464,1581,1883,"109Y12M"
A6308-50,1207,3016,1444,1572,"109Y12M"
A6308-51,1750,4198,1997,2201,"109Y12M"
A6308-52,1259,3289,1590,1699,"109Y12M"
A6308-53,1097,2863,1324,1539,"109Y12M"
A6308-54,1188,3075,1475,1600,"109Y12M"
A6308-55,1130,2835,1365,1470,"109Y12M"
A6308-56,7,18,11,7,"109Y12M"
A6308-57,1333,3208,1485,1723,"109Y12M"
A6308-58,1484,3601,1677,1924,"109Y12M"
A6308-59,1058,2556,1248,1308,"109Y12M"
A6308-60,1487,3629,1741,1888,"109Y12M"
A6308-61,1068,2685,1301,1384,"109Y12M"
A6308-62,2379,4558,2420,2138,"109Y12M"
A6308-63,835,2193,1051,1142,"109Y12M"
A6308-64,1092,2763,1357,1406,"109Y12M"
A6308-65,1130,2809,1316,1493,"109Y12M"
A6308-66,1189,2957,1428,1529,"109Y12M"
A6308-67,1554,4155,2007,2148,"109Y12M"
A6308-68,1463,3906,1880,2026,"109Y12M"
A6308-69,1098,2715,1291,1424,"109Y12M"
A6308-70,927,2179,976,1203,"109Y12M"
A6308-71,1640,3978,1874,2104,"109Y12M"
A6308-72,1137,2957,1454,1503,"109Y12M"
A6308-73,1122,2778,1340,1438,"109Y12M"
A6308-74,1671,4074,2019,2055,"109Y12M"
A6308-75,1065,2752,1351,1401,"109Y12M"
A6308-76,1146,2924,1452,1472,"109Y12M"
A6308-77,1105,2823,1352,1471,"109Y12M"
A6308-78,1133,2952,1388,1564,"109Y12M"
A6308-79,1250,3261,1575,1686,"109Y12M"
A6308-80,1028,2684,1300,1384,"109Y12M"
A6308-81,1050,2837,1314,1523,"109Y12M"
A6308-82,1201,3139,1504,1635,"109Y12M"
A6308-83,986,2675,1288,1387,"109Y12M"
A6308-84,1348,3349,1737,1612,"109Y12M"
A6308-85,1068,2910,1403,1507,"109Y12M"
A6308-86,1047,2786,1351,1435,"109Y12M"
A6308-87,1079,2910,1419,1491,"109Y12M"
A6308-88,1058,2757,1287,1470,"109Y12M"
A6308-89,1142,2943,1396,1547,"109Y12M"
A6308-90,9,13,4,9,"109Y12M"
A6309-01,3462,7456,3602,3854,"109Y12M"
A6309-03,1838,4503,2203,2300,"109Y12M"
A6309-04,1487,3599,1766,1833,"109Y12M"
A6309-05,1382,3539,1722,1817,"109Y12M"
A6309-06,1753,4228,2002,2226,"109Y12M"
A6309-07,1229,3185,1563,1622,"109Y12M"
A6309-08,1753,3890,1891,1999,"109Y12M"
A6309-09,1213,3173,1558,1615,"109Y12M"
A6309-10,1006,2647,1357,1290,"109Y12M"
A6309-11,1155,2855,1410,1445,"109Y12M"
A6309-12,1430,3303,1621,1682,"109Y12M"
A6309-13,1101,2767,1320,1447,"109Y12M"
A6309-14,1376,3028,1614,1414,"109Y12M"
A6309-15,1126,2756,1317,1439,"109Y12M"
A6309-16,1173,3174,1562,1612,"109Y12M"
A6309-17,1084,2766,1337,1429,"109Y12M"
A6309-18,1103,2624,1287,1337,"109Y12M"
A6309-19,1163,2876,1360,1516,"109Y12M"
A6309-20,1026,2668,1348,1320,"109Y12M"
A6309-21,1609,3901,1907,1994,"109Y12M"
A6309-22,1150,2882,1411,1471,"109Y12M"
A6309-23,998,2718,1320,1398,"109Y12M"
A6309-24,1052,2677,1269,1408,"109Y12M"
A6309-25,1051,2659,1266,1393,"109Y12M"
A6309-26,1009,2547,1202,1345,"109Y12M"
A6309-27,1379,3352,1630,1722,"109Y12M"
A6309-28,1051,2633,1252,1381,"109Y12M"
A6309-29,1072,2749,1324,1425,"109Y12M"
A6309-30,1027,2550,1219,1331,"109Y12M"
A6309-31,1139,2701,1319,1382,"109Y12M"
A6309-32,1226,3079,1490,1589,"109Y12M"
A6309-33,1061,2778,1365,1413,"109Y12M"
A6309-34,1021,2711,1312,1399,"109Y12M"
A6309-35,1064,2708,1313,1395,"109Y12M"
A6309-36,1027,2722,1332,1390,"109Y12M"
A6309-37,1181,2972,1435,1537,"109Y12M"
A6309-38,1011,2635,1301,1334,"109Y12M"
A6309-39,1061,2847,1454,1393,"109Y12M"
A6310-01,1253,3347,1712,1635,"109Y12M"
A6310-02,1453,3422,1619,1803,"109Y12M"
A6310-03,1201,3001,1424,1577,"109Y12M"
A6310-04,1216,3178,1482,1696,"109Y12M"
A6310-05,1360,3371,1541,1830,"109Y12M"
A6310-06,1227,3124,1475,1649,"109Y12M"
A6310-07,1222,3143,1465,1678,"109Y12M"
A6310-08,1043,2745,1348,1397,"109Y12M"
A6310-09,1199,3107,1499,1608,"109Y12M"
A6310-10,1308,3282,1533,1749,"109Y12M"
A6310-11,1152,2953,1390,1563,"109Y12M"
A6310-12,1177,3064,1513,1551,"109Y12M"
A6310-13,1266,3579,1705,1874,"109Y12M"
A6310-14,1130,2887,1385,1502,"109Y12M"
A6310-15,1080,2742,1339,1403,"109Y12M"
A6310-16,1189,3053,1436,1617,"109Y12M"
A6310-17,1435,3681,1726,1955,"109Y12M"
A6310-18,1393,3446,1609,1837,"109Y12M"
A6310-19,1509,3239,1488,1751,"109Y12M"
A6310-20,1178,3198,1548,1650,"109Y12M"
A6310-21,1191,3468,1645,1823,"109Y12M"
A6310-22,1155,2950,1419,1531,"109Y12M"
A6310-23,1180,3005,1412,1593,"109Y12M"
A6310-24,1196,3075,1472,1603,"109Y12M"
A6310-25,1278,3227,1536,1691,"109Y12M"
A6310-26,1229,3519,1714,1805,"109Y12M"
A6310-27,1330,3157,1513,1644,"109Y12M"
A6310-28,1152,3150,1513,1637,"109Y12M"
A6310-29,1319,3236,1538,1698,"109Y12M"
A6310-30,1364,3639,1693,1946,"109Y12M"
A6310-31,1370,3293,1515,1778,"109Y12M"
A6310-32,1045,2812,1317,1495,"109Y12M"
A6310-33,1275,3350,1611,1739,"109Y12M"
A6310-34,1548,3318,1483,1835,"109Y12M"
A6310-35,1112,3037,1440,1597,"109Y12M"
A6310-36,1306,3402,1652,1750,"109Y12M"
A6310-37,1304,3231,1558,1673,"109Y12M"
A6310-38,1126,2960,1417,1543,"109Y12M"
A6310-39,1133,2946,1423,1523,"109Y12M"
A6310-40,1150,3012,1459,1553,"109Y12M"
A6310-41,1136,2907,1392,1515,"109Y12M"
A6310-42,1202,3029,1403,1626,"109Y12M"
A6310-43,1252,3053,1400,1653,"109Y12M"
A6310-44,1259,3259,1597,1662,"109Y12M"
A6310-45,1074,2529,1201,1328,"109Y12M"
A6310-46,1105,2776,1293,1483,"109Y12M"
A6310-47,1024,2835,1349,1486,"109Y12M"
A6310-48,1185,2972,1413,1559,"109Y12M"
A6310-49,1170,2981,1434,1547,"109Y12M"
A6310-50,945,2813,1323,1490,"109Y12M"
A6310-51,1092,2874,1342,1532,"109Y12M"
A6310-52,1112,3074,1497,1577,"109Y12M"
A6310-53,1071,2819,1342,1477,"109Y12M"
A6310-54,1059,3054,1465,1589,"109Y12M"
A6310-55,1310,2911,1340,1571,"109Y12M"
A6310-56,1223,3438,1605,1833,"109Y12M"
A6310-57,1307,3363,1504,1859,"109Y12M"
A6310-58,973,3054,1466,1588,"109Y12M"
A6310-59,923,2343,1066,1277,"109Y12M"
A6310-60,2118,5091,2428,2663,"109Y12M"
A6310-61,1208,3387,1607,1780,"109Y12M"
A6310-62,997,2854,1384,1470,"109Y12M"
A6310-63,1021,2775,1326,1449,"109Y12M"
A6310-64,1185,3443,1648,1795,"109Y12M"
A6310-65,1024,2921,1432,1489,"109Y12M"
A6310-66,1097,3040,1408,1632,"109Y12M"
A6310-67,985,2673,1286,1387,"109Y12M"
A6310-68,1073,3145,1491,1654,"109Y12M"
A6310-69,1035,3109,1466,1643,"109Y12M"
A6310-70,1825,3259,1782,1477,"109Y12M"
A6310-71,1256,3429,1575,1854,"109Y12M"
A6310-72,1577,4067,1927,2140,"109Y12M"
A6310-73,1003,2859,1401,1458,"109Y12M"
A6310-74,863,2511,1203,1308,"109Y12M"
A6310-75,3198,6882,3243,3639,"109Y12M"
A6310-76,1011,2958,1428,1530,"109Y12M"
A6310-77,1460,4042,1928,2114,"109Y12M"
A6310-78,923,2435,1181,1254,"109Y12M"
A6310-79,1391,3214,1530,1684,"109Y12M"
A6310-80,1220,3470,1655,1815,"109Y12M"
A6310-81,1207,3480,1655,1825,"109Y12M"
A6310-82,2301,4928,2308,2620,"109Y12M"
A6310-83,866,2291,1107,1184,"109Y12M"
A6310-84,1,1,1,0,"109Y12M"
A6310-85,1199,3116,1545,1571,"109Y12M"
A6310-86,1324,3150,1520,1630,"109Y12M"
A6310-87,1585,3837,1874,1963,"109Y12M"
A6310-88,1359,3310,1621,1689,"109Y12M"
A6310-89,1444,3527,1721,1806,"109Y12M"
A6311-01,1037,2760,1462,1298,"109Y12M"
A6311-02,1430,2939,1418,1521,"109Y12M"
A6311-03,1127,3049,1568,1481,"109Y12M"
A6311-04,971,2629,1296,1333,"109Y12M"
A6311-05,1188,3159,1454,1705,"109Y12M"
A6311-06,1129,2995,1372,1623,"109Y12M"
A6311-07,1231,3298,1559,1739,"109Y12M"
A6311-08,1045,2958,1428,1530,"109Y12M"
A6311-09,1066,2953,1419,1534,"109Y12M"
A6311-10,1062,2784,1298,1486,"109Y12M"
A6311-11,875,2289,1050,1239,"109Y12M"
A6311-12,1154,3118,1414,1704,"109Y12M"
A6311-13,1274,3346,1538,1808,"109Y12M"
A6311-14,1076,2788,1327,1461,"109Y12M"
A6311-15,1175,3054,1412,1642,"109Y12M"
A6311-16,1134,2950,1332,1618,"109Y12M"
A6311-17,1037,2724,1353,1371,"109Y12M"
A6311-18,1096,3092,1472,1620,"109Y12M"
A6311-19,996,2786,1334,1452,"109Y12M"
A6311-20,1084,2923,1329,1594,"109Y12M"
A6311-21,1155,3085,1422,1663,"109Y12M"
A6311-22,1175,3147,1487,1660,"109Y12M"
A6311-23,1140,3161,1509,1652,"109Y12M"
A6311-24,1141,3066,1429,1637,"109Y12M"
A6311-25,1007,2911,1374,1537,"109Y12M"
A6311-26,1010,2633,1199,1434,"109Y12M"
A6311-27,1053,2748,1275,1473,"109Y12M"
A6311-28,983,2578,1224,1354,"109Y12M"
A6311-29,1027,2775,1281,1494,"109Y12M"
A6311-30,1241,3420,1643,1777,"109Y12M"
A6311-31,1159,2977,1393,1584,"109Y12M"
A6311-32,1626,3371,1774,1597,"109Y12M"
A6311-33,986,2611,1239,1372,"109Y12M"
A6311-34,1118,2933,1360,1573,"109Y12M"
A6311-35,1031,2848,1358,1490,"109Y12M"
A6311-36,1098,2881,1351,1530,"109Y12M"
A6311-37,1044,2816,1296,1520,"109Y12M"
A6311-38,1091,2715,1268,1447,"109Y12M"
A6311-39,1298,2775,1402,1373,"109Y12M"
A6311-40,1185,2661,1253,1408,"109Y12M"
A6311-41,1327,3126,1637,1489,"109Y12M"
A6311-42,1109,2561,1154,1407,"109Y12M"
A6311-43,885,2410,1061,1349,"109Y12M"
A6311-44,881,2373,1096,1277,"109Y12M"
A6311-45,1190,2898,1393,1505,"109Y12M"
A6311-46,979,2386,1091,1295,"109Y12M"
A6311-47,1100,2621,1229,1392,"109Y12M"
A6311-48,906,2420,1174,1246,"109Y12M"
A6311-49,1037,2718,1313,1405,"109Y12M"
A6311-50,950,2416,1139,1277,"109Y12M"
A6311-51,713,1935,939,996,"109Y12M"
A6311-52,973,2486,1215,1271,"109Y12M"
A6311-53,782,2078,1027,1051,"109Y12M"
A6311-54,1130,2741,1276,1465,"109Y12M"
A6311-55,801,2123,1013,1110,"109Y12M"
A6311-56,858,2098,982,1116,"109Y12M"
A6311-57,932,2166,1032,1134,"109Y12M"
A6311-58,740,1933,915,1018,"109Y12M"
A6311-59,1200,2824,1375,1449,"109Y12M"
A6311-60,35,69,35,34,"109Y12M"
A6311-61,911,2245,1176,1069,"109Y12M"
A6311-62,1130,2991,1426,1565,"109Y12M"
A6311-63,1047,2567,1240,1327,"109Y12M"
A6311-64,1131,3162,1572,1590,"109Y12M"
A6311-65,1246,3272,1671,1601,"109Y12M"
A6311-66,1113,2904,1463,1441,"109Y12M"
A6311-67,1134,2775,1322,1453,"109Y12M"
A6311-68,2027,3474,1970,1504,"109Y12M"
A6311-69,1086,3007,1499,1508,"109Y12M"
A6311-70,1213,3179,1556,1623,"109Y12M"
A6311-71,1098,2891,1438,1453,"109Y12M"
A6311-72,1030,2909,1406,1503,"109Y12M"
A6311-73,1161,3171,1574,1597,"109Y12M"
A6311-74,1212,3200,1610,1590,"109Y12M"
A6311-75,1313,3409,1632,1777,"109Y12M"
A6311-76,1155,2883,1442,1441,"109Y12M"
A6311-77,1080,2648,1279,1369,"109Y12M"
A6311-78,1157,3013,1470,1543,"109Y12M"
A6311-79,1105,3039,1539,1500,"109Y12M"
A6311-80,1359,3449,1692,1757,"109Y12M"
A6311-81,1012,2922,1437,1485,"109Y12M"
A6311-82,1252,2988,1454,1534,"109Y12M"
A6311-83,1069,2818,1291,1527,"109Y12M"
A6311-84,985,2753,1323,1430,"109Y12M"
A6311-85,1188,3180,1568,1612,"109Y12M"
A6311-86,997,2867,1382,1485,"109Y12M"
A6311-87,1084,2965,1409,1556,"109Y12M"
A6311-88,1035,2930,1441,1489,"109Y12M"
A6311-89,1347,3386,1610,1776,"109Y12M"
A6311-90,963,2626,1246,1380,"109Y12M"
A6311-91,1080,2680,1289,1391,"109Y12M"
A6311-92,1141,2764,1330,1434,"109Y12M"
A6311-93,969,2600,1321,1279,"109Y12M"
A6311-94,966,2736,1354,1382,"109Y12M"
A6311-95,1243,3194,1604,1590,"109Y12M"
A6311-96,1067,2864,1366,1498,"109Y12M"
A6311-97,1128,2695,1271,1424,"109Y12M"
A6311-98,1537,3448,1548,1900,"109Y12M"
A6311-99,1143,2836,1387,1449,"109Y12M"
A6312-01,1074,2800,1510,1290,"109Y12M"
A6312-02,1120,2896,1493,1403,"109Y12M"
A6312-03,1101,2864,1358,1506,"109Y12M"
A6312-04,1092,3014,1463,1551,"109Y12M"
A6312-05,1190,3117,1503,1614,"109Y12M"
A6312-06,1203,3051,1474,1577,"109Y12M"
A6312-07,1119,2998,1533,1465,"109Y12M"
A6312-08,1066,2627,1305,1322,"109Y12M"
A6312-09,1249,3160,1475,1685,"109Y12M"
A6312-10,1506,3404,1608,1796,"109Y12M"
A6312-11,981,2590,1218,1372,"109Y12M"
A6312-12,1430,2939,1445,1494,"109Y12M"
A6312-13,1408,3515,1708,1807,"109Y12M"
A6312-14,1253,2929,1404,1525,"109Y12M"
A6312-15,1313,3332,1635,1697,"109Y12M"
A6312-16,1392,2933,1329,1604,"109Y12M"
A6312-17,1186,3011,1452,1559,"109Y12M"
A6312-18,1163,2938,1406,1532,"109Y12M"
A6312-19,1559,2993,1338,1655,"109Y12M"
A6312-20,1170,3036,1479,1557,"109Y12M"
A6312-21,1023,2659,1326,1333,"109Y12M"
A6312-22,1474,3284,1542,1742,"109Y12M"
A6312-23,1027,2788,1348,1440,"109Y12M"
A6312-24,1047,2610,1241,1369,"109Y12M"
A6312-25,1078,2757,1305,1452,"109Y12M"
A6312-26,902,2514,1261,1253,"109Y12M"
A6312-27,1174,2857,1375,1482,"109Y12M"
A6312-28,1164,2873,1385,1488,"109Y12M"
A6312-29,2012,3506,1957,1549,"109Y12M"
A6312-30,1443,3400,1592,1808,"109Y12M"
A6312-31,1140,2827,1360,1467,"109Y12M"
A6312-32,1289,3112,1478,1634,"109Y12M"
A6312-33,1083,2765,1355,1410,"109Y12M"
A6312-34,922,2443,1192,1251,"109Y12M"
A6312-35,1749,3887,1839,2048,"109Y12M"
A6312-36,1032,2945,1408,1537,"109Y12M"
A6312-37,1073,2864,1389,1475,"109Y12M"
A6312-38,1121,2903,1372,1531,"109Y12M"
A6312-39,1144,2779,1355,1424,"109Y12M"
A6312-40,1248,3202,1449,1753,"109Y12M"
A6312-41,1202,2984,1450,1534,"109Y12M"
A6312-42,898,2402,1178,1224,"109Y12M"
A6312-43,1133,2758,1299,1459,"109Y12M"
A6312-44,905,2473,1177,1296,"109Y12M"
A6312-45,1424,3449,1589,1860,"109Y12M"
A6312-46,1359,3426,1625,1801,"109Y12M"
A6312-47,1196,2994,1386,1608,"109Y12M"
A6312-48,1351,3132,1445,1687,"109Y12M"
A6312-49,1040,2947,1392,1555,"109Y12M"
A6312-50,1022,2938,1461,1477,"109Y12M"
A6312-51,1366,3535,1687,1848,"109Y12M"
A6312-52,1214,3280,1596,1684,"109Y12M"
A6312-53,1014,2910,1397,1513,"109Y12M"
A6312-54,1089,2949,1394,1555,"109Y12M"
A6312-55,939,2865,1518,1347,"109Y12M"
A6312-56,1100,2960,1406,1554,"109Y12M"
A6312-57,1023,2794,1324,1470,"109Y12M"
A6312-58,1164,3252,1511,1741,"109Y12M"
A6312-59,1102,3073,1401,1672,"109Y12M"
A6312-60,993,2791,1315,1476,"109Y12M"
A6312-61,1099,3132,1506,1626,"109Y12M"
A6312-62,1116,3216,1495,1721,"109Y12M"
A6312-63,1084,3059,1465,1594,"109Y12M"
A6312-64,1090,2790,1301,1489,"109Y12M"
A6312-65,1304,3184,1487,1697,"109Y12M"
A6312-66,1056,2922,1398,1524,"109Y12M"
A6312-67,1088,2763,1296,1467,"109Y12M"
A6312-68,987,2842,1340,1502,"109Y12M"
A6312-69,1114,2803,1315,1488,"109Y12M"
A6312-70,1189,3310,1590,1720,"109Y12M"
A6312-71,1168,3286,1529,1757,"109Y12M"
A6312-72,1045,2826,1356,1470,"109Y12M"
A6312-73,1183,2934,1344,1590,"109Y12M"
A6312-74,1205,3209,1523,1686,"109Y12M"
A6312-75,1121,3085,1472,1613,"109Y12M"
A6312-76,1068,2762,1323,1439,"109Y12M"
A6312-77,1329,3314,1566,1748,"109Y12M"
A6312-78,1239,3235,1579,1656,"109Y12M"
A6312-79,1,3,2,1,"109Y12M"
A6312-80,970,2701,1317,1384,"109Y12M"
A6312-81,1186,3120,1562,1558,"109Y12M"
A6312-82,1249,3071,1465,1606,"109Y12M"
A6312-83,1114,2951,1397,1554,"109Y12M"
A6312-84,1517,3594,1712,1882,"109Y12M"
